[{"model": "main.keyword", "pk": 33, "fields": {"word": "dinner", "slug": "dinner"}}, {"model": "main.keyword", "pk": 34, "fields": {"word": "lunch", "slug": "lunch"}}, {"model": "main.keyword", "pk": 35, "fields": {"word": "sweetTooth", "slug": "sweettooth"}}, {"model": "main.keyword", "pk": 36, "fields": {"word": "glutenFree", "slug": "glutenfree"}}, {"model": "main.keyword", "pk": 37, "fields": {"word": "vegan", "slug": "vegan"}}, {"model": "main.keyword", "pk": 38, "fields": {"word": "breakfast", "slug": "breakfast"}}, {"model": "main.keyword", "pk": 39, "fields": {"word": "vegetarian", "slug": "vegetarian"}}, {"model": "main.keyword", "pk": 40, "fields": {"word": "cheapEats", "slug": "cheapeats"}}, {"model": "main.keyword", "pk": 41, "fields": {"word": "manFood", "slug": "manfood"}}, {"model": "main.keyword", "pk": 42, "fields": {"word": "healthy", "slug": "healthy"}}, {"model": "main.keyword", "pk": 43, "fields": {"word": "discounts", "slug": "discounts"}}, {"model": "main.tag", "pk": 1, "fields": {"name": "Bacon", "slug": "bacon"}}, {"model": "main.tag", "pk": 2, "fields": {"name": "Egg", "slug": "egg"}}, {"model": "main.tag", "pk": 3, "fields": {"name": "Roll", "slug": "roll"}}, {"model": "main.tag", "pk": 4, "fields": {"name": "Beep", "slug": "beep"}}, {"model": "main.tag", "pk": 5, "fields": {"name": "Cheese", "slug": "cheese"}}, {"model": "main.tag", "pk": 6, "fields": {"name": "noodles", "slug": "noodles"}}, {"model": "main.ingredient", "pk": 1, "fields": {"created": "2017-05-08T10:32:18.922Z", "updated": "2017-05-08T10:32:18.922Z", "name": "Doom Tentacle", "description": "Capable of crushing buses and playing hackey sack with tanks"}}, {"model": "main.ingredient", "pk": 2, "fields": {"created": "2017-05-08T11:23:29.437Z", "updated": "2017-05-08T11:23:29.437Z", "name": "Cheddar", "description": "noice"}}, {"model": "main.ingredient", "pk": 3, "fields": {"created": "2017-05-08T11:23:40.427Z", "updated": "2017-05-08T11:23:40.427Z", "name": "Chips", "description": "flop flop"}}, {"model": "main.ingredient", "pk": 4, "fields": {"created": "2017-05-08T11:29:34.791Z", "updated": "2017-05-08T11:29:34.791Z", "name": "Gravy", "description": ""}}, {"model": "main.ingredient", "pk": 5, "fields": {"created": "2017-07-03T10:42:34.716Z", "updated": "2017-07-06T07:04:05.752Z", "name": "Chicken Drumsticks", "description": ""}}, {"model": "main.ingredient", "pk": 7, "fields": {"created": "2017-07-04T14:08:35.730Z", "updated": "2017-08-09T11:13:56.832Z", "name": "Cheesy Bobs", "description": ""}}, {"model": "main.ingredient", "pk": 8, "fields": {"created": "2017-07-04T14:31:06.209Z", "updated": "2017-07-04T14:31:06.209Z", "name": "Chimichangas", "description": ""}}, {"model": "main.ingredient", "pk": 9, "fields": {"created": "2017-07-04T14:45:48.679Z", "updated": "2017-07-04T14:45:48.679Z", "name": "Cheezels", "description": ""}}, {"model": "main.ingredient", "pk": 10, "fields": {"created": "2017-07-06T07:02:41.127Z", "updated": "2017-07-06T07:02:41.127Z", "name": "Lemon Chicken", "description": ""}}, {"model": "main.ingredient", "pk": 11, "fields": {"created": "2017-07-06T09:34:12.212Z", "updated": "2017-07-06T09:34:12.212Z", "name": "Chicken", "description": ""}}, {"model": "main.ingredient", "pk": 12, "fields": {"created": "2017-07-19T14:43:24.628Z", "updated": "2017-07-19T14:43:24.628Z", "name": "Laksa Paste", "description": ""}}, {"model": "main.ingredient", "pk": 13, "fields": {"created": "2017-07-19T14:43:24.692Z", "updated": "2017-07-19T14:43:24.692Z", "name": "chicken stock", "description": ""}}, {"model": "main.ingredient", "pk": 14, "fields": {"created": "2017-07-19T14:43:24.703Z", "updated": "2017-07-19T14:43:24.703Z", "name": "Brown sugar", "description": ""}}, {"model": "main.ingredient", "pk": 15, "fields": {"created": "2017-07-19T14:43:24.713Z", "updated": "2017-07-19T14:43:24.713Z", "name": "Salt", "description": ""}}, {"model": "main.ingredient", "pk": 16, "fields": {"created": "2017-07-19T14:43:24.725Z", "updated": "2017-07-19T14:43:24.725Z", "name": "Coconut Milk", "description": ""}}, {"model": "main.ingredient", "pk": 17, "fields": {"created": "2017-07-19T14:43:24.739Z", "updated": "2017-07-19T14:43:24.739Z", "name": "Sunflower oil", "description": ""}}, {"model": "main.ingredient", "pk": 18, "fields": {"created": "2017-07-19T14:43:24.753Z", "updated": "2017-07-19T14:43:24.753Z", "name": "Salmon", "description": ""}}, {"model": "main.ingredient", "pk": 19, "fields": {"created": "2017-07-19T14:43:24.764Z", "updated": "2017-07-19T14:43:24.764Z", "name": "Lebanese Cucumber", "description": ""}}, {"model": "main.ingredient", "pk": 20, "fields": {"created": "2017-07-19T14:43:24.783Z", "updated": "2017-07-19T14:43:24.783Z", "name": "Coriander", "description": ""}}, {"model": "main.ingredient", "pk": 21, "fields": {"created": "2017-07-24T15:29:46.595Z", "updated": "2017-07-24T15:29:46.595Z", "name": "Sliced red chilli, bean sprouts, coriander and mint leaves", "description": ""}}, {"model": "main.ingredient", "pk": 22, "fields": {"created": "2017-07-24T15:29:46.623Z", "updated": "2017-07-24T15:29:46.624Z", "name": "green prawns", "description": ""}}, {"model": "main.ingredient", "pk": 23, "fields": {"created": "2017-07-24T15:29:46.636Z", "updated": "2017-07-24T15:29:46.636Z", "name": "celery stalks", "description": ""}}, {"model": "main.ingredient", "pk": 24, "fields": {"created": "2017-07-24T15:29:46.644Z", "updated": "2017-07-24T15:29:46.644Z", "name": "tomatoes", "description": ""}}, {"model": "main.ingredient", "pk": 25, "fields": {"created": "2017-07-24T15:29:46.656Z", "updated": "2017-07-24T15:29:46.656Z", "name": "Lime", "description": ""}}, {"model": "main.ingredient", "pk": 26, "fields": {"created": "2017-07-24T15:29:46.667Z", "updated": "2017-07-24T15:29:46.668Z", "name": "caster sugar", "description": ""}}, {"model": "main.ingredient", "pk": 27, "fields": {"created": "2017-07-24T15:29:46.680Z", "updated": "2017-07-24T15:29:46.680Z", "name": "soy sauce", "description": ""}}, {"model": "main.ingredient", "pk": 28, "fields": {"created": "2017-07-24T15:29:46.695Z", "updated": "2017-07-24T15:29:46.695Z", "name": "green curry paste", "description": ""}}, {"model": "main.ingredient", "pk": 29, "fields": {"created": "2017-07-24T15:29:46.724Z", "updated": "2017-07-24T15:29:46.724Z", "name": "rice stick noodles", "description": ""}}, {"model": "main.ingredient", "pk": 30, "fields": {"created": "2017-07-25T07:01:36.508Z", "updated": "2017-07-25T07:01:36.508Z", "name": "plain flour", "description": ""}}, {"model": "main.ingredient", "pk": 31, "fields": {"created": "2017-07-25T07:01:36.526Z", "updated": "2017-07-25T07:01:36.526Z", "name": "unsalted butter", "description": ""}}, {"model": "main.ingredient", "pk": 32, "fields": {"created": "2017-07-25T07:01:36.541Z", "updated": "2017-07-25T07:01:36.541Z", "name": "eggs", "description": ""}}, {"model": "main.ingredient", "pk": 33, "fields": {"created": "2017-07-25T07:01:36.550Z", "updated": "2017-07-25T07:01:36.550Z", "name": "gorgonzola dolce", "description": ""}}, {"model": "main.ingredient", "pk": 34, "fields": {"created": "2017-07-25T07:01:36.559Z", "updated": "2017-07-25T07:01:36.559Z", "name": "creme fraiche", "description": ""}}, {"model": "main.ingredient", "pk": 35, "fields": {"created": "2017-07-25T07:01:36.569Z", "updated": "2017-07-25T07:01:36.569Z", "name": "whole-egg mayonnaise", "description": ""}}, {"model": "main.ingredient", "pk": 36, "fields": {"created": "2017-07-25T07:01:36.580Z", "updated": "2017-07-25T07:01:36.580Z", "name": "lemon juice", "description": ""}}, {"model": "main.ingredient", "pk": 37, "fields": {"created": "2017-07-25T07:01:36.591Z", "updated": "2017-07-25T07:01:36.591Z", "name": "Granny Smith apple", "description": ""}}, {"model": "main.ingredient", "pk": 38, "fields": {"created": "2017-07-25T07:01:36.601Z", "updated": "2017-07-25T07:01:36.601Z", "name": "Pink Lady apple", "description": ""}}, {"model": "main.ingredient", "pk": 39, "fields": {"created": "2017-07-25T07:01:36.610Z", "updated": "2017-07-25T07:01:36.610Z", "name": "walnuts", "description": ""}}, {"model": "main.ingredient", "pk": 40, "fields": {"created": "2017-07-25T07:01:36.617Z", "updated": "2017-07-25T07:01:36.617Z", "name": "celery stalk", "description": ""}}, {"model": "main.ingredient", "pk": 41, "fields": {"created": "2017-07-25T07:04:54.702Z", "updated": "2017-07-25T07:04:54.702Z", "name": "beef fillet", "description": ""}}, {"model": "main.ingredient", "pk": 42, "fields": {"created": "2017-07-25T07:04:54.713Z", "updated": "2017-07-25T07:04:54.713Z", "name": "olive oil", "description": ""}}, {"model": "main.ingredient", "pk": 43, "fields": {"created": "2017-07-25T07:04:54.734Z", "updated": "2017-07-25T07:04:54.734Z", "name": "beef stock", "description": ""}}, {"model": "main.ingredient", "pk": 44, "fields": {"created": "2017-07-25T07:04:54.751Z", "updated": "2017-07-25T07:04:54.751Z", "name": "lemongrass stem", "description": ""}}, {"model": "main.ingredient", "pk": 45, "fields": {"created": "2017-07-25T07:04:54.764Z", "updated": "2017-07-25T07:04:54.764Z", "name": "fish sauce", "description": ""}}, {"model": "main.ingredient", "pk": 46, "fields": {"created": "2017-07-25T07:04:54.774Z", "updated": "2017-07-25T07:04:54.774Z", "name": "bean sprouts", "description": ""}}, {"model": "main.ingredient", "pk": 47, "fields": {"created": "2017-07-25T07:04:54.784Z", "updated": "2017-07-25T07:04:54.785Z", "name": "Vietnamese mint leaves", "description": ""}}, {"model": "main.ingredient", "pk": 48, "fields": {"created": "2017-07-25T07:24:25.168Z", "updated": "2017-07-25T07:24:25.168Z", "name": "eschalots", "description": ""}}, {"model": "main.ingredient", "pk": 49, "fields": {"created": "2017-07-25T07:24:25.177Z", "updated": "2017-07-25T07:24:25.177Z", "name": "garlic cloves", "description": ""}}, {"model": "main.ingredient", "pk": 50, "fields": {"created": "2017-07-25T07:24:25.185Z", "updated": "2017-08-09T11:13:56.943Z", "name": "ginger", "description": ""}}, {"model": "main.ingredient", "pk": 51, "fields": {"created": "2017-07-25T07:24:25.193Z", "updated": "2017-07-25T07:24:25.193Z", "name": "shrimp paste", "description": ""}}, {"model": "main.ingredient", "pk": 52, "fields": {"created": "2017-07-25T07:24:25.210Z", "updated": "2017-07-25T07:24:25.210Z", "name": "red chilli", "description": ""}}, {"model": "main.ingredient", "pk": 53, "fields": {"created": "2017-07-25T07:24:25.223Z", "updated": "2017-07-25T07:24:25.223Z", "name": "curry leaves", "description": ""}}, {"model": "main.ingredient", "pk": 54, "fields": {"created": "2017-07-25T07:24:25.230Z", "updated": "2017-07-25T07:24:25.230Z", "name": "sweet paprika", "description": ""}}, {"model": "main.ingredient", "pk": 55, "fields": {"created": "2017-07-25T07:24:25.238Z", "updated": "2017-07-25T07:24:25.238Z", "name": "tumeric", "description": ""}}, {"model": "main.ingredient", "pk": 63, "fields": {"created": "2017-07-25T07:33:27.544Z", "updated": "2017-07-25T07:33:27.544Z", "name": "peanut oil", "description": ""}}, {"model": "main.ingredient", "pk": 64, "fields": {"created": "2017-07-25T07:33:27.564Z", "updated": "2017-07-25T07:33:27.565Z", "name": "dried rice noodles", "description": ""}}, {"model": "main.ingredient", "pk": 65, "fields": {"created": "2017-07-25T07:33:27.573Z", "updated": "2017-07-25T07:33:27.573Z", "name": "chicken breast", "description": ""}}, {"model": "main.ingredient", "pk": 66, "fields": {"created": "2017-07-25T07:33:27.587Z", "updated": "2017-07-25T07:33:27.587Z", "name": "spring onions", "description": ""}}, {"model": "main.ingredient", "pk": 67, "fields": {"created": "2017-07-25T07:33:27.601Z", "updated": "2017-07-25T07:33:27.601Z", "name": "coriander leaves", "description": ""}}, {"model": "main.ingredient", "pk": 68, "fields": {"created": "2017-07-25T07:33:27.609Z", "updated": "2017-07-25T07:33:27.609Z", "name": "eschallots", "description": ""}}, {"model": "main.ingredient", "pk": 69, "fields": {"created": "2017-07-25T07:33:27.617Z", "updated": "2017-07-25T07:33:27.617Z", "name": "large dried chillies", "description": ""}}, {"model": "main.ingredient", "pk": 70, "fields": {"created": "2017-07-25T07:33:27.654Z", "updated": "2017-07-25T07:33:27.654Z", "name": "lemongrass", "description": ""}}, {"model": "main.ingredient", "pk": 71, "fields": {"created": "2017-07-25T07:33:27.661Z", "updated": "2017-07-25T07:33:27.661Z", "name": "madadamia nuts", "description": ""}}, {"model": "main.ingredient", "pk": 72, "fields": {"created": "2017-08-06T09:07:17.352Z", "updated": "2017-08-06T09:07:17.352Z", "name": "kalamata olives", "description": ""}}, {"model": "main.ingredient", "pk": 73, "fields": {"created": "2017-08-06T09:07:17.368Z", "updated": "2017-08-06T09:07:17.368Z", "name": "prosciutto", "description": ""}}, {"model": "main.ingredient", "pk": 74, "fields": {"created": "2017-08-06T09:07:17.377Z", "updated": "2017-08-06T09:07:17.377Z", "name": "150g fior di latte", "description": ""}}, {"model": "main.ingredient", "pk": 75, "fields": {"created": "2017-08-06T09:07:17.388Z", "updated": "2017-08-06T09:07:17.389Z", "name": "vine-ripened cherry tomatoes", "description": ""}}, {"model": "main.ingredient", "pk": 76, "fields": {"created": "2017-08-06T09:07:17.400Z", "updated": "2017-08-06T09:07:17.400Z", "name": "basil leaves", "description": ""}}, {"model": "main.ingredient", "pk": 77, "fields": {"created": "2017-08-06T09:07:17.410Z", "updated": "2017-08-06T09:07:17.410Z", "name": "dry active yeast", "description": ""}}, {"model": "main.ingredient", "pk": 78, "fields": {"created": "2017-08-06T09:07:17.434Z", "updated": "2017-08-06T09:07:17.434Z", "name": "flour", "description": ""}}, {"model": "main.ingredient", "pk": 79, "fields": {"created": "2017-08-06T09:07:17.442Z", "updated": "2017-08-06T09:07:17.442Z", "name": "garlic oil", "description": ""}}, {"model": "main.ingredient", "pk": 80, "fields": {"created": "2017-08-06T09:07:17.453Z", "updated": "2017-08-06T09:07:17.453Z", "name": "tomato pizza sauce", "description": ""}}, {"model": "main.recipe", "pk": 1, "fields": {"created": "2017-05-08T10:20:20.108Z", "updated": "2017-07-12T12:20:44.716Z", "name": "Squid pizza", "description": "A pizza fit for cthulu himself", "image_url": "https://cdn.feedmeeapp.com/images/47dbeec5c2e14a6e9d20ef118cb1b0e4.jpg", "prep_time_seconds": 120, "cook_time_seconds": 500, "total_time_seconds": 620, "servings": 1, "difficulty": "dt", "notes": "", "source_url": "https://example.com/cthulu/", "likes_count": 0, "views_count": 1, "random": 814745977, "keywords": [41], "tags": [4]}}, {"model": "main.recipe", "pk": 2, "fields": {"created": "2017-05-08T11:24:13.872Z", "updated": "2017-08-09T17:03:32.043Z", "name": "Blarp", "description": "Darp", "image_url": "", "prep_time_seconds": 0, "cook_time_seconds": 0, "total_time_seconds": 0, "servings": 0, "difficulty": "es", "notes": "", "source_url": "", "likes_count": 0, "views_count": 0, "random": 882359845, "keywords": [], "tags": [1]}}, {"model": "main.recipe", "pk": 8, "fields": {"created": "2017-07-19T14:43:24.495Z", "updated": "2017-07-19T14:43:24.498Z", "name": "Salmon in laksa sauce", "description": "Using store-bought laksa paste, this recipe is ready before you know it.", "image_url": "https://s3-us-west-2.amazonaws.com/fdme-raw-img/9acfa45faeee4e3cbea5eeca6b1ff578.jpg", "prep_time_seconds": 300, "cook_time_seconds": 1500, "total_time_seconds": 1800, "servings": 2, "difficulty": "es", "notes": "", "source_url": "http://www.delicious.com.au/recipes/salmon-laksa-sauce/47715670-d326-435a-8b81-0a580f89d54e", "likes_count": 0, "views_count": 0, "random": 774752728, "keywords": [], "tags": []}}, {"model": "main.recipe", "pk": 9, "fields": {"created": "2017-07-24T15:29:46.555Z", "updated": "2017-08-02T08:47:18.850Z", "name": "Hot and sour prawn soup", "description": "The whole family can enjoy this Asian favourite.ddd", "image_url": "", "prep_time_seconds": 2100, "cook_time_seconds": 1500, "total_time_seconds": 3600, "servings": 4, "difficulty": "es", "notes": "", "source_url": "http://www.delicious.com.au/recipes/hot-sour-prawn-soup/295465f3-1090-40c6-aee7-f5f0fcd85479", "likes_count": 0, "views_count": 0, "random": 901977086, "keywords": [39], "tags": [4, 6]}}, {"model": "main.recipe", "pk": 10, "fields": {"created": "2017-07-25T07:01:36.488Z", "updated": "2017-08-02T13:18:41.661Z", "name": "Blue cheese tarts with waldorf salad", "description": "Blue cheese and apple form a classic flavour combination in this striking appetiser.c", "image_url": "https://cdn.feedmeeapp.com/images/2ed11ec3dc604d469cacbb685a99aa88.jpg", "prep_time_seconds": 7200, "cook_time_seconds": 1500, "total_time_seconds": 8700, "servings": 6, "difficulty": "es", "notes": "", "source_url": "http://www.delicious.com.au/recipes/blue-cheese-tarts-waldorf-salad/8e93c0cc-87c7-464a-bf3d-3ae3330fa57d", "likes_count": 0, "views_count": 0, "random": 351235313, "keywords": [], "tags": []}}, {"model": "main.recipe", "pk": 11, "fields": {"created": "2017-07-25T07:04:54.682Z", "updated": "2017-07-25T07:04:54.686Z", "name": "Fragrant Vietnamese beef noodle soup", "description": "This is my quick version of pho \u2013 a wonderful soup made with beef or chicken that the Vietnamese eat for dinner, lunch and even breakfast.", "image_url": "https://cdn.feedmeeapp.com/images/0b4480894b574fc3950b33182ccc1b65.jpg", "prep_time_seconds": 600, "cook_time_seconds": 1200, "total_time_seconds": 1800, "servings": 4, "difficulty": "es", "notes": "", "source_url": "http://www.delicious.com.au/recipes/fragrant-vietnamese-beef-noodle-soup/55145854-2ca5-490c-a444-a247fec0e758", "likes_count": 0, "views_count": 0, "random": 83331655, "keywords": [], "tags": []}}, {"model": "main.recipe", "pk": 12, "fields": {"created": "2017-07-25T07:24:25.154Z", "updated": "2017-07-25T07:24:25.156Z", "name": "Malaysian fish curry", "description": "This delicious and aromatic curry by Kate Tait is made with tender white fish packed with flavour and it's super easy to make.", "image_url": "https://cdn.feedmeeapp.com/images/f17cef775cae45ed9797a35c7ef2f775.jpg", "prep_time_seconds": 1200, "cook_time_seconds": 1200, "total_time_seconds": 2400, "servings": 6, "difficulty": "es", "notes": "", "source_url": "http://www.delicious.com.au/recipes/malaysian-fish-curry/5e3327a5-676d-4114-9eae-ba9b5466ebd0", "likes_count": 0, "views_count": 0, "random": 479277543, "keywords": [], "tags": []}}, {"model": "main.recipe", "pk": 14, "fields": {"created": "2017-07-25T07:33:27.528Z", "updated": "2017-08-06T09:03:41.773Z", "name": "Laksa", "description": "This vibrant laksa takes soup out of the realm of starter into that of main course.", "image_url": "https://cdn.feedmeeapp.com/images/ab3b60dc235145c8869709509f3b1853.jpg", "prep_time_seconds": 2100, "cook_time_seconds": 900, "total_time_seconds": 3000, "servings": 4, "difficulty": "es", "notes": "", "source_url": "http://www.delicious.com.au/recipes/laksa/a859fc10-21e0-4698-b140-30592a8d3a7d", "likes_count": 0, "views_count": 0, "random": 274522562, "keywords": [38], "tags": []}}, {"model": "main.recipe", "pk": 15, "fields": {"created": "2017-08-06T09:07:17.326Z", "updated": "2017-08-06T09:07:17.330Z", "name": "Traditional woodfired pizza", "description": "Create an Italian-style menu made to enjoy alfresco.", "image_url": "", "prep_time_seconds": 1200, "cook_time_seconds": 300, "total_time_seconds": 1500, "servings": 0, "difficulty": "es", "notes": "", "source_url": "http://www.delicious.com.au/recipes/traditional-woodfired-pizza/f82f835f-437e-408c-9232-ca73ddaa85c6", "likes_count": 0, "views_count": 0, "random": 41930310, "keywords": [33, 41], "tags": []}}, {"model": "main.recipe", "pk": 16, "fields": {"created": "2017-08-09T16:42:23.369Z", "updated": "2017-08-09T16:42:36.707Z", "name": "Laksa", "description": "blabla", "image_url": "", "prep_time_seconds": 20, "cook_time_seconds": 20, "total_time_seconds": 40, "servings": 2, "difficulty": "es", "notes": "", "source_url": "https://example.com/cthulu/laksa/", "likes_count": 0, "views_count": 0, "random": 763248416, "keywords": [], "tags": []}}, {"model": "main.recipeingredient", "pk": 1, "fields": {"created": "2017-05-08T10:35:17.598Z", "updated": "2017-05-15T04:53:59.958Z", "recipe": 1, "ingredient": 1, "quantity": "4.000", "unit_type": "", "ingredient_type": "mn", "preparation": "", "fraction": "N/A", "uses_fractions": false}}, {"model": "main.recipeingredient", "pk": 2, "fields": {"created": "2017-05-08T11:24:13.882Z", "updated": "2017-05-08T11:24:13.882Z", "recipe": 2, "ingredient": 1, "quantity": "2.000", "unit_type": "", "ingredient_type": "", "preparation": "", "fraction": "N/A", "uses_fractions": false}}, {"model": "main.recipeingredient", "pk": 3, "fields": {"created": "2017-05-08T11:24:13.885Z", "updated": "2017-05-08T11:24:13.885Z", "recipe": 2, "ingredient": 2, "quantity": "1.000", "unit_type": "slice", "ingredient_type": "", "preparation": "", "fraction": "N/A", "uses_fractions": false}}, {"model": "main.recipeingredient", "pk": 4, "fields": {"created": "2017-05-08T11:24:13.887Z", "updated": "2017-05-08T11:24:13.887Z", "recipe": 2, "ingredient": 3, "quantity": "1.000", "unit_type": "handful", "ingredient_type": "", "preparation": "", "fraction": "N/A", "uses_fractions": false}}, {"model": "main.recipeingredient", "pk": 10, "fields": {"created": "2017-07-06T09:17:16.463Z", "updated": "2017-07-06T09:17:16.463Z", "recipe": 1, "ingredient": 10, "quantity": "1.000", "unit_type": "", "ingredient_type": "mn", "preparation": "", "fraction": "N/A", "uses_fractions": false}}, {"model": "main.recipeingredient", "pk": 12, "fields": {"created": "2017-07-06T09:34:14.898Z", "updated": "2017-07-06T09:34:14.898Z", "recipe": 2, "ingredient": 8, "quantity": "1.000", "unit_type": "", "ingredient_type": "mn", "preparation": "", "fraction": "N/A", "uses_fractions": false}}, {"model": "main.recipeingredient", "pk": 13, "fields": {"created": "2017-07-06T09:34:14.900Z", "updated": "2017-07-06T09:34:14.900Z", "recipe": 2, "ingredient": 11, "quantity": "1.000", "unit_type": "", "ingredient_type": "mn", "preparation": "", "fraction": "N/A", "uses_fractions": false}}, {"model": "main.recipeingredient", "pk": 14, "fields": {"created": "2017-07-19T14:43:24.636Z", "updated": "2017-07-19T14:43:24.636Z", "recipe": 8, "ingredient": 12, "quantity": "1.000", "unit_type": "tbsp", "ingredient_type": "mn", "preparation": "", "fraction": "N/A", "uses_fractions": false}}, {"model": "main.recipeingredient", "pk": 15, "fields": {"created": "2017-07-19T14:43:24.694Z", "updated": "2017-07-19T14:43:24.694Z", "recipe": 8, "ingredient": 13, "quantity": "100.000", "unit_type": "ml", "ingredient_type": "mn", "preparation": "", "fraction": "N/A", "uses_fractions": false}}, {"model": "main.recipeingredient", "pk": 16, "fields": {"created": "2017-07-19T14:43:24.704Z", "updated": "2017-07-19T14:43:24.704Z", "recipe": 8, "ingredient": 14, "quantity": "1.000", "unit_type": "tsp", "ingredient_type": "mn", "preparation": "soft", "fraction": "N/A", "uses_fractions": false}}, {"model": "main.recipeingredient", "pk": 17, "fields": {"created": "2017-07-19T14:43:24.715Z", "updated": "2017-07-19T14:43:24.715Z", "recipe": 8, "ingredient": 15, "quantity": "1.000", "unit_type": "tsp", "ingredient_type": "mn", "preparation": "", "fraction": "1/2", "uses_fractions": true}}, {"model": "main.recipeingredient", "pk": 18, "fields": {"created": "2017-07-19T14:43:24.729Z", "updated": "2017-07-19T14:43:24.729Z", "recipe": 8, "ingredient": 16, "quantity": "250.000", "unit_type": "ml", "ingredient_type": "mn", "preparation": "", "fraction": "N/A", "uses_fractions": false}}, {"model": "main.recipeingredient", "pk": 19, "fields": {"created": "2017-07-19T14:43:24.741Z", "updated": "2017-07-19T14:43:24.741Z", "recipe": 8, "ingredient": 17, "quantity": "1.000", "unit_type": "tbsp", "ingredient_type": "mn", "preparation": "", "fraction": "N/A", "uses_fractions": false}}, {"model": "main.recipeingredient", "pk": 20, "fields": {"created": "2017-07-19T14:43:24.755Z", "updated": "2017-07-19T14:43:24.755Z", "recipe": 8, "ingredient": 18, "quantity": "2.000", "unit_type": "180g fillets", "ingredient_type": "mn", "preparation": "skin on", "fraction": "N/A", "uses_fractions": false}}, {"model": "main.recipeingredient", "pk": 21, "fields": {"created": "2017-07-19T14:43:24.767Z", "updated": "2017-07-19T14:43:24.767Z", "recipe": 8, "ingredient": 19, "quantity": "1.000", "unit_type": "", "ingredient_type": "mn", "preparation": "peeled, finely sliced lengthways", "fraction": "1/2", "uses_fractions": true}}, {"model": "main.recipeingredient", "pk": 22, "fields": {"created": "2017-07-19T14:43:24.785Z", "updated": "2017-07-19T14:43:24.785Z", "recipe": 8, "ingredient": 20, "quantity": "1.000", "unit_type": "leaves", "ingredient_type": "mn", "preparation": "to garnish", "fraction": "N/A", "uses_fractions": false}}, {"model": "main.recipeingredient", "pk": 23, "fields": {"created": "2017-07-24T15:29:46.601Z", "updated": "2017-08-02T08:47:18.865Z", "recipe": 9, "ingredient": 21, "quantity": "1.000", "unit_type": "", "ingredient_type": "mn", "preparation": "to serve", "fraction": "N/A", "uses_fractions": false}}, {"model": "main.recipeingredient", "pk": 24, "fields": {"created": "2017-07-24T15:29:46.626Z", "updated": "2017-08-02T08:47:18.874Z", "recipe": 9, "ingredient": 22, "quantity": "20.000", "unit_type": "", "ingredient_type": "mn", "preparation": "peeled (tails intact), deveined", "fraction": "N/A", "uses_fractions": false}}, {"model": "main.recipeingredient", "pk": 25, "fields": {"created": "2017-07-24T15:29:46.637Z", "updated": "2017-08-02T08:47:18.883Z", "recipe": 9, "ingredient": 23, "quantity": "2.000", "unit_type": "", "ingredient_type": "mn", "preparation": "sliced", "fraction": "N/A", "uses_fractions": false}}, {"model": "main.recipeingredient", "pk": 26, "fields": {"created": "2017-07-24T15:29:46.646Z", "updated": "2017-08-02T08:47:18.892Z", "recipe": 9, "ingredient": 24, "quantity": "2.000", "unit_type": "", "ingredient_type": "mn", "preparation": "chopped", "fraction": "N/A", "uses_fractions": false}}, {"model": "main.recipeingredient", "pk": 27, "fields": {"created": "2017-07-24T15:29:46.658Z", "updated": "2017-08-02T08:47:18.901Z", "recipe": 9, "ingredient": 25, "quantity": "1.000", "unit_type": "", "ingredient_type": "mn", "preparation": "juiced", "fraction": "N/A", "uses_fractions": false}}, {"model": "main.recipeingredient", "pk": 28, "fields": {"created": "2017-07-24T15:29:46.670Z", "updated": "2017-08-02T08:47:18.911Z", "recipe": 9, "ingredient": 26, "quantity": "1.000", "unit_type": "tbsp", "ingredient_type": "mn", "preparation": "", "fraction": "N/A", "uses_fractions": false}}, {"model": "main.recipeingredient", "pk": 29, "fields": {"created": "2017-07-24T15:29:46.682Z", "updated": "2017-08-02T08:47:18.919Z", "recipe": 9, "ingredient": 27, "quantity": "1.000", "unit_type": "tbsp", "ingredient_type": "mn", "preparation": "", "fraction": "N/A", "uses_fractions": false}}, {"model": "main.recipeingredient", "pk": 30, "fields": {"created": "2017-07-24T15:29:46.698Z", "updated": "2017-08-02T08:47:18.930Z", "recipe": 9, "ingredient": 28, "quantity": "1.000", "unit_type": "tbsp", "ingredient_type": "mn", "preparation": "", "fraction": "N/A", "uses_fractions": false}}, {"model": "main.recipeingredient", "pk": 31, "fields": {"created": "2017-07-24T15:29:46.712Z", "updated": "2017-08-02T08:47:18.939Z", "recipe": 9, "ingredient": 13, "quantity": "1.500", "unit_type": "litres (6 cups)", "ingredient_type": "mn", "preparation": "", "fraction": "N/A", "uses_fractions": false}}, {"model": "main.recipeingredient", "pk": 32, "fields": {"created": "2017-07-24T15:29:46.727Z", "updated": "2017-08-02T08:47:18.948Z", "recipe": 9, "ingredient": 29, "quantity": "250.000", "unit_type": "grams", "ingredient_type": "mn", "preparation": "", "fraction": "N/A", "uses_fractions": false}}, {"model": "main.recipeingredient", "pk": 33, "fields": {"created": "2017-07-25T07:01:36.512Z", "updated": "2017-08-02T13:18:41.695Z", "recipe": 10, "ingredient": 30, "quantity": "150.000", "unit_type": "grams", "ingredient_type": "mn", "preparation": "", "fraction": "N/A", "uses_fractions": false}}, {"model": "main.recipeingredient", "pk": 34, "fields": {"created": "2017-07-25T07:01:36.528Z", "updated": "2017-08-02T13:18:41.723Z", "recipe": 10, "ingredient": 31, "quantity": "80.000", "unit_type": "grams", "ingredient_type": "mn", "preparation": "chilled, chopped", "fraction": "N/A", "uses_fractions": false}}, {"model": "main.recipeingredient", "pk": 35, "fields": {"created": "2017-07-25T07:01:36.534Z", "updated": "2017-08-02T13:18:41.741Z", "recipe": 10, "ingredient": 2, "quantity": "1.000", "unit_type": "cup", "ingredient_type": "mn", "preparation": "grated", "fraction": "2/3", "uses_fractions": true}}, {"model": "main.recipeingredient", "pk": 36, "fields": {"created": "2017-07-25T07:01:36.543Z", "updated": "2017-08-02T13:18:41.757Z", "recipe": 10, "ingredient": 32, "quantity": "3.000", "unit_type": "", "ingredient_type": "mn", "preparation": "", "fraction": "N/A", "uses_fractions": false}}, {"model": "main.recipeingredient", "pk": 37, "fields": {"created": "2017-07-25T07:01:36.552Z", "updated": "2017-08-02T13:18:41.775Z", "recipe": 10, "ingredient": 33, "quantity": "100.000", "unit_type": "grams", "ingredient_type": "mn", "preparation": "crumbed, plus extra to serve", "fraction": "N/A", "uses_fractions": false}}, {"model": "main.recipeingredient", "pk": 38, "fields": {"created": "2017-07-25T07:01:36.560Z", "updated": "2017-08-02T13:18:41.793Z", "recipe": 10, "ingredient": 34, "quantity": "200.000", "unit_type": "grams", "ingredient_type": "mn", "preparation": "", "fraction": "N/A", "uses_fractions": false}}, {"model": "main.recipeingredient", "pk": 39, "fields": {"created": "2017-07-25T07:01:36.571Z", "updated": "2017-08-02T13:18:41.811Z", "recipe": 10, "ingredient": 35, "quantity": "1.000", "unit_type": "cup", "ingredient_type": "mn", "preparation": "", "fraction": "1/4", "uses_fractions": true}}, {"model": "main.recipeingredient", "pk": 40, "fields": {"created": "2017-07-25T07:01:36.582Z", "updated": "2017-08-02T13:18:41.828Z", "recipe": 10, "ingredient": 36, "quantity": "1.000", "unit_type": "tbsp", "ingredient_type": "mn", "preparation": "", "fraction": "N/A", "uses_fractions": false}}, {"model": "main.recipeingredient", "pk": 41, "fields": {"created": "2017-07-25T07:01:36.593Z", "updated": "2017-08-02T13:18:41.842Z", "recipe": 10, "ingredient": 37, "quantity": "1.000", "unit_type": "", "ingredient_type": "mn", "preparation": "cored", "fraction": "N/A", "uses_fractions": false}}, {"model": "main.recipeingredient", "pk": 42, "fields": {"created": "2017-07-25T07:01:36.603Z", "updated": "2017-08-02T13:18:41.855Z", "recipe": 10, "ingredient": 38, "quantity": "1.000", "unit_type": "", "ingredient_type": "mn", "preparation": "cored", "fraction": "N/A", "uses_fractions": false}}, {"model": "main.recipeingredient", "pk": 43, "fields": {"created": "2017-07-25T07:01:36.611Z", "updated": "2017-08-02T13:18:41.866Z", "recipe": 10, "ingredient": 39, "quantity": "1.000", "unit_type": "cup", "ingredient_type": "mn", "preparation": "toasted, chopped", "fraction": "1/3", "uses_fractions": true}}, {"model": "main.recipeingredient", "pk": 44, "fields": {"created": "2017-07-25T07:01:36.619Z", "updated": "2017-08-02T13:18:41.894Z", "recipe": 10, "ingredient": 40, "quantity": "1.000", "unit_type": "", "ingredient_type": "mn", "preparation": "cut into matchsticks, inner pale leaves reserved", "fraction": "N/A", "uses_fractions": false}}, {"model": "main.recipeingredient", "pk": 45, "fields": {"created": "2017-07-25T07:04:54.703Z", "updated": "2017-07-25T07:04:54.703Z", "recipe": 11, "ingredient": 41, "quantity": "300.000", "unit_type": "grams", "ingredient_type": "mn", "preparation": "trimmed of sinew", "fraction": "N/A", "uses_fractions": false}}, {"model": "main.recipeingredient", "pk": 46, "fields": {"created": "2017-07-25T07:04:54.716Z", "updated": "2017-07-25T07:04:54.716Z", "recipe": 11, "ingredient": 42, "quantity": "1.000", "unit_type": "tbsp", "ingredient_type": "mn", "preparation": "", "fraction": "N/A", "uses_fractions": false}}, {"model": "main.recipeingredient", "pk": 47, "fields": {"created": "2017-07-25T07:04:54.724Z", "updated": "2017-07-25T07:04:54.724Z", "recipe": 11, "ingredient": 29, "quantity": "200.000", "unit_type": "grams", "ingredient_type": "mn", "preparation": "", "fraction": "N/A", "uses_fractions": false}}, {"model": "main.recipeingredient", "pk": 48, "fields": {"created": "2017-07-25T07:04:54.737Z", "updated": "2017-07-25T07:04:54.737Z", "recipe": 11, "ingredient": 43, "quantity": "2.000", "unit_type": "cups", "ingredient_type": "mn", "preparation": "", "fraction": "N/A", "uses_fractions": false}}, {"model": "main.recipeingredient", "pk": 49, "fields": {"created": "2017-07-25T07:04:54.753Z", "updated": "2017-07-25T07:04:54.753Z", "recipe": 11, "ingredient": 44, "quantity": "1.000", "unit_type": "", "ingredient_type": "mn", "preparation": "white part only, bruised, cut into 6cm lengths", "fraction": "N/A", "uses_fractions": false}}, {"model": "main.recipeingredient", "pk": 50, "fields": {"created": "2017-07-25T07:04:54.766Z", "updated": "2017-07-25T07:04:54.766Z", "recipe": 11, "ingredient": 45, "quantity": "1.000", "unit_type": "tbsp", "ingredient_type": "mn", "preparation": "", "fraction": "N/A", "uses_fractions": false}}, {"model": "main.recipeingredient", "pk": 51, "fields": {"created": "2017-07-25T07:04:54.777Z", "updated": "2017-07-25T07:04:54.777Z", "recipe": 11, "ingredient": 46, "quantity": "1.000", "unit_type": "cups", "ingredient_type": "mn", "preparation": "ends trimmed", "fraction": "1/2", "uses_fractions": false}}, {"model": "main.recipeingredient", "pk": 52, "fields": {"created": "2017-07-25T07:04:54.786Z", "updated": "2017-07-25T07:04:54.786Z", "recipe": 11, "ingredient": 47, "quantity": "1.000", "unit_type": "", "ingredient_type": "mn", "preparation": "to serve", "fraction": "N/A", "uses_fractions": false}}, {"model": "main.recipeingredient", "pk": 53, "fields": {"created": "2017-07-25T07:24:25.170Z", "updated": "2017-07-25T07:24:25.170Z", "recipe": 12, "ingredient": 48, "quantity": "4.000", "unit_type": "", "ingredient_type": "mn", "preparation": "halved", "fraction": "N/A", "uses_fractions": false}}, {"model": "main.recipeingredient", "pk": 54, "fields": {"created": "2017-07-25T07:24:25.178Z", "updated": "2017-07-25T07:24:25.178Z", "recipe": 12, "ingredient": 49, "quantity": "3.000", "unit_type": "", "ingredient_type": "mn", "preparation": "", "fraction": "N/A", "uses_fractions": false}}, {"model": "main.recipeingredient", "pk": 55, "fields": {"created": "2017-07-25T07:24:25.187Z", "updated": "2017-07-25T07:24:25.187Z", "recipe": 12, "ingredient": 50, "quantity": "3.000", "unit_type": "cm piece", "ingredient_type": "mn", "preparation": "peeled, grated", "fraction": "N/A", "uses_fractions": false}}, {"model": "main.recipeingredient", "pk": 56, "fields": {"created": "2017-07-25T07:24:25.195Z", "updated": "2017-07-25T07:24:25.195Z", "recipe": 12, "ingredient": 51, "quantity": "2.000", "unit_type": "tsp", "ingredient_type": "mn", "preparation": "", "fraction": "N/A", "uses_fractions": false}}, {"model": "main.recipeingredient", "pk": 57, "fields": {"created": "2017-07-25T07:24:25.203Z", "updated": "2017-07-25T07:24:25.203Z", "recipe": 12, "ingredient": 17, "quantity": "1.000", "unit_type": "cup", "ingredient_type": "mn", "preparation": "", "fraction": "1/4", "uses_fractions": true}}, {"model": "main.recipeingredient", "pk": 58, "fields": {"created": "2017-07-25T07:24:25.214Z", "updated": "2017-07-25T07:24:25.214Z", "recipe": 12, "ingredient": 52, "quantity": "4.000", "unit_type": "", "ingredient_type": "mn", "preparation": "seeds removed, roughly chopped", "fraction": "N/A", "uses_fractions": false}}, {"model": "main.recipeingredient", "pk": 59, "fields": {"created": "2017-07-25T07:24:25.224Z", "updated": "2017-07-25T07:24:25.224Z", "recipe": 12, "ingredient": 53, "quantity": "20.000", "unit_type": "", "ingredient_type": "mn", "preparation": "fresh, plus extra to serve", "fraction": "N/A", "uses_fractions": false}}, {"model": "main.recipeingredient", "pk": 60, "fields": {"created": "2017-07-25T07:24:25.232Z", "updated": "2017-07-25T07:24:25.232Z", "recipe": 12, "ingredient": 54, "quantity": "1.000", "unit_type": "tsp", "ingredient_type": "mn", "preparation": "", "fraction": "1/2", "uses_fractions": false}}, {"model": "main.recipeingredient", "pk": 61, "fields": {"created": "2017-07-25T07:24:25.240Z", "updated": "2017-07-25T07:24:25.240Z", "recipe": 12, "ingredient": 55, "quantity": "1.000", "unit_type": "tsp", "ingredient_type": "mn", "preparation": "", "fraction": "N/A", "uses_fractions": false}}, {"model": "main.recipeingredient", "pk": 74, "fields": {"created": "2017-07-25T07:33:27.545Z", "updated": "2017-08-06T09:03:41.787Z", "recipe": 14, "ingredient": 63, "quantity": "1.000", "unit_type": "tbsp", "ingredient_type": "mn", "preparation": "", "fraction": "N/A", "uses_fractions": false}}, {"model": "main.recipeingredient", "pk": 75, "fields": {"created": "2017-07-25T07:33:27.552Z", "updated": "2017-08-06T09:03:41.795Z", "recipe": 14, "ingredient": 13, "quantity": "3.000", "unit_type": "cups", "ingredient_type": "mn", "preparation": "", "fraction": "N/A", "uses_fractions": false}}, {"model": "main.recipeingredient", "pk": 76, "fields": {"created": "2017-07-25T07:33:27.558Z", "updated": "2017-08-06T09:03:41.803Z", "recipe": 14, "ingredient": 16, "quantity": "2.000", "unit_type": "cups", "ingredient_type": "mn", "preparation": "", "fraction": "N/A", "uses_fractions": false}}, {"model": "main.recipeingredient", "pk": 77, "fields": {"created": "2017-07-25T07:33:27.566Z", "updated": "2017-08-06T09:03:41.811Z", "recipe": 14, "ingredient": 64, "quantity": "300.000", "unit_type": "grams", "ingredient_type": "mn", "preparation": "", "fraction": "N/A", "uses_fractions": false}}, {"model": "main.recipeingredient", "pk": 78, "fields": {"created": "2017-07-25T07:33:27.574Z", "updated": "2017-08-06T09:03:41.821Z", "recipe": 14, "ingredient": 65, "quantity": "2.000", "unit_type": "", "ingredient_type": "mn", "preparation": "steamed, sliced", "fraction": "N/A", "uses_fractions": false}}, {"model": "main.recipeingredient", "pk": 79, "fields": {"created": "2017-07-25T07:33:27.580Z", "updated": "2017-08-06T09:03:41.829Z", "recipe": 14, "ingredient": 46, "quantity": "1.000", "unit_type": "packet", "ingredient_type": "mn", "preparation": "straggly ends trimmed", "fraction": "N/A", "uses_fractions": false}}, {"model": "main.recipeingredient", "pk": 80, "fields": {"created": "2017-07-25T07:33:27.588Z", "updated": "2017-08-06T09:03:41.837Z", "recipe": 14, "ingredient": 66, "quantity": "4.000", "unit_type": "", "ingredient_type": "mn", "preparation": "diagonally slice", "fraction": "N/A", "uses_fractions": false}}, {"model": "main.recipeingredient", "pk": 81, "fields": {"created": "2017-07-25T07:33:27.594Z", "updated": "2017-08-06T09:03:41.844Z", "recipe": 14, "ingredient": 47, "quantity": "1.000", "unit_type": "cup", "ingredient_type": "mn", "preparation": "", "fraction": "1/2", "uses_fractions": true}}, {"model": "main.recipeingredient", "pk": 82, "fields": {"created": "2017-07-25T07:33:27.603Z", "updated": "2017-08-06T09:03:41.854Z", "recipe": 14, "ingredient": 67, "quantity": "1.000", "unit_type": "cup", "ingredient_type": "mn", "preparation": "", "fraction": "1/2", "uses_fractions": true}}, {"model": "main.recipeingredient", "pk": 83, "fields": {"created": "2017-07-25T07:33:27.610Z", "updated": "2017-08-06T09:03:41.862Z", "recipe": 14, "ingredient": 68, "quantity": "1.000", "unit_type": "", "ingredient_type": "mn", "preparation": "fried, to serve", "fraction": "N/A", "uses_fractions": false}}, {"model": "main.recipeingredient", "pk": 84, "fields": {"created": "2017-07-25T07:33:27.619Z", "updated": "2017-08-06T09:03:41.871Z", "recipe": 14, "ingredient": 69, "quantity": "4.000", "unit_type": "", "ingredient_type": "mn", "preparation": "soaked in hot water", "fraction": "N/A", "uses_fractions": false}}, {"model": "main.recipeingredient", "pk": 85, "fields": {"created": "2017-07-25T07:33:27.625Z", "updated": "2017-08-06T09:03:41.879Z", "recipe": 14, "ingredient": 68, "quantity": "3.000", "unit_type": "", "ingredient_type": "mn", "preparation": "peeled, chopped", "fraction": "N/A", "uses_fractions": false}}, {"model": "main.recipeingredient", "pk": 86, "fields": {"created": "2017-07-25T07:33:27.631Z", "updated": "2017-08-06T09:03:41.887Z", "recipe": 14, "ingredient": 49, "quantity": "2.000", "unit_type": "", "ingredient_type": "mn", "preparation": "", "fraction": "N/A", "uses_fractions": false}}, {"model": "main.recipeingredient", "pk": 87, "fields": {"created": "2017-07-25T07:33:27.640Z", "updated": "2017-08-06T09:03:41.895Z", "recipe": 14, "ingredient": 50, "quantity": "3.000", "unit_type": "cm piece", "ingredient_type": "mn", "preparation": "", "fraction": "N/A", "uses_fractions": false}}, {"model": "main.recipeingredient", "pk": 88, "fields": {"created": "2017-07-25T07:33:27.646Z", "updated": "2017-08-06T09:03:41.905Z", "recipe": 14, "ingredient": 52, "quantity": "2.000", "unit_type": "", "ingredient_type": "mn", "preparation": "seeded, chopped", "fraction": "N/A", "uses_fractions": false}}, {"model": "main.recipeingredient", "pk": 89, "fields": {"created": "2017-07-25T07:33:27.655Z", "updated": "2017-08-06T09:03:41.913Z", "recipe": 14, "ingredient": 70, "quantity": "4.000", "unit_type": "stems", "ingredient_type": "mn", "preparation": "sliced", "fraction": "N/A", "uses_fractions": false}}, {"model": "main.recipeingredient", "pk": 90, "fields": {"created": "2017-07-25T07:33:27.663Z", "updated": "2017-08-06T09:03:41.921Z", "recipe": 14, "ingredient": 71, "quantity": "8.000", "unit_type": "", "ingredient_type": "mn", "preparation": "", "fraction": "N/A", "uses_fractions": false}}, {"model": "main.recipeingredient", "pk": 91, "fields": {"created": "2017-07-25T07:33:27.670Z", "updated": "2017-08-06T09:03:41.929Z", "recipe": 14, "ingredient": 51, "quantity": "1.000", "unit_type": "tsp", "ingredient_type": "mn", "preparation": "", "fraction": "N/A", "uses_fractions": false}}, {"model": "main.recipeingredient", "pk": 92, "fields": {"created": "2017-07-25T07:33:27.676Z", "updated": "2017-08-06T09:03:41.939Z", "recipe": 14, "ingredient": 55, "quantity": "2.000", "unit_type": "tsp", "ingredient_type": "mn", "preparation": "", "fraction": "N/A", "uses_fractions": false}}, {"model": "main.recipeingredient", "pk": 93, "fields": {"created": "2017-07-25T07:33:27.683Z", "updated": "2017-08-06T09:03:41.946Z", "recipe": 14, "ingredient": 20, "quantity": "2.000", "unit_type": "tsp", "ingredient_type": "mn", "preparation": "", "fraction": "N/A", "uses_fractions": false}}, {"model": "main.recipeingredient", "pk": 94, "fields": {"created": "2017-07-25T07:33:27.690Z", "updated": "2017-08-06T09:03:41.955Z", "recipe": 14, "ingredient": 14, "quantity": "1.000", "unit_type": "tsp", "ingredient_type": "mn", "preparation": "", "fraction": "N/A", "uses_fractions": false}}, {"model": "main.recipeingredient", "pk": 95, "fields": {"created": "2017-07-25T07:33:27.695Z", "updated": "2017-08-06T09:03:41.963Z", "recipe": 14, "ingredient": 63, "quantity": "3.000", "unit_type": "tbsp", "ingredient_type": "mn", "preparation": "", "fraction": "N/A", "uses_fractions": false}}, {"model": "main.recipeingredient", "pk": 96, "fields": {"created": "2017-08-06T09:07:17.356Z", "updated": "2017-08-06T09:07:17.356Z", "recipe": 15, "ingredient": 72, "quantity": "1.000", "unit_type": "cup", "ingredient_type": "mn", "preparation": "", "fraction": "N/A", "uses_fractions": false}}, {"model": "main.recipeingredient", "pk": 97, "fields": {"created": "2017-08-06T09:07:17.369Z", "updated": "2017-08-06T09:07:17.369Z", "recipe": 15, "ingredient": 73, "quantity": "10.000", "unit_type": "slices", "ingredient_type": "mn", "preparation": "", "fraction": "N/A", "uses_fractions": false}}, {"model": "main.recipeingredient", "pk": 98, "fields": {"created": "2017-08-06T09:07:17.379Z", "updated": "2017-08-06T09:07:17.379Z", "recipe": 15, "ingredient": 74, "quantity": "2.000", "unit_type": "", "ingredient_type": "mn", "preparation": "sliced 1cm thick", "fraction": "N/A", "uses_fractions": false}}, {"model": "main.recipeingredient", "pk": 99, "fields": {"created": "2017-08-06T09:07:17.390Z", "updated": "2017-08-06T09:07:17.390Z", "recipe": 15, "ingredient": 75, "quantity": "250.000", "unit_type": "grams", "ingredient_type": "mn", "preparation": "", "fraction": "N/A", "uses_fractions": false}}, {"model": "main.recipeingredient", "pk": 100, "fields": {"created": "2017-08-06T09:07:17.401Z", "updated": "2017-08-06T09:07:17.401Z", "recipe": 15, "ingredient": 76, "quantity": "1.000", "unit_type": "cup", "ingredient_type": "mn", "preparation": "", "fraction": "N/A", "uses_fractions": false}}, {"model": "main.recipeingredient", "pk": 101, "fields": {"created": "2017-08-06T09:07:17.411Z", "updated": "2017-08-06T09:07:17.412Z", "recipe": 15, "ingredient": 77, "quantity": "1.000", "unit_type": "7g sachet", "ingredient_type": "mn", "preparation": "", "fraction": "N/A", "uses_fractions": false}}, {"model": "main.recipeingredient", "pk": 102, "fields": {"created": "2017-08-06T09:07:17.421Z", "updated": "2017-08-06T09:07:17.421Z", "recipe": 15, "ingredient": 26, "quantity": "2.000", "unit_type": "tsp", "ingredient_type": "mn", "preparation": "", "fraction": "N/A", "uses_fractions": false}}, {"model": "main.recipeingredient", "pk": 103, "fields": {"created": "2017-08-06T09:07:17.436Z", "updated": "2017-08-06T09:07:17.436Z", "recipe": 15, "ingredient": 78, "quantity": "500.000", "unit_type": "grams", "ingredient_type": "mn", "preparation": "", "fraction": "N/A", "uses_fractions": false}}, {"model": "main.recipeingredient", "pk": 104, "fields": {"created": "2017-08-06T09:07:17.444Z", "updated": "2017-08-06T09:07:17.444Z", "recipe": 15, "ingredient": 79, "quantity": "1.000", "unit_type": "cup", "ingredient_type": "mn", "preparation": "plus extra to drizzle", "fraction": "1/2", "uses_fractions": true}}, {"model": "main.recipeingredient", "pk": 105, "fields": {"created": "2017-08-06T09:07:17.454Z", "updated": "2017-08-06T09:07:17.454Z", "recipe": 15, "ingredient": 80, "quantity": "2.000", "unit_type": "cup", "ingredient_type": "mn", "preparation": "", "fraction": "N/A", "uses_fractions": false}}, {"model": "main.recipeingredient", "pk": 106, "fields": {"created": "2017-08-09T03:43:00.435Z", "updated": "2017-08-09T03:43:00.435Z", "recipe": 2, "ingredient": 7, "quantity": "1.000", "unit_type": "", "ingredient_type": "mn", "preparation": "", "fraction": "N/A", "uses_fractions": false}}, {"model": "main.recipeingredient", "pk": 107, "fields": {"created": "2017-08-09T03:43:00.439Z", "updated": "2017-08-09T04:34:47.576Z", "recipe": 2, "ingredient": 50, "quantity": "1.000", "unit_type": "", "ingredient_type": "mn", "preparation": "test, for duplicate", "fraction": "N/A", "uses_fractions": false}}, {"model": "main.recipeingredient", "pk": 109, "fields": {"created": "2017-08-09T16:42:23.386Z", "updated": "2017-08-09T16:42:23.386Z", "recipe": 16, "ingredient": 1, "quantity": "1.000", "unit_type": "", "ingredient_type": "mn", "preparation": "", "fraction": "N/A", "uses_fractions": false}}]